player,nation,pos,squad,age,born,mp,starts,min,90s,goals,ast,g+a,g-pk,pk,pkatt,crdy,crdr,per_gls,per_ast,per_g+a,per_g-pk,per_g+a-pk
Nelson Acevedo,ar ARG,MF,Tacuary,35,1988,17,8,739,8.2,0,0,0,0,0,0,2,0,0.00,0.00,0.00,0.00,0.00
Diego Acosta,py PAR,FW,Sport Luqueño,21,2002,6,3,255,2.8,1,1,2,1,0,0,0,0,0.35,0.35,0.71,0.35,0.71
Marcelo Acosta,py PAR,MF,Sol de América,23,2000,27,13,1108,12.3,1,2,3,1,0,0,2,2,0.08,0.16,0.24,0.08,0.24
Milciades Adorno,py PAR,FW,Guaraní,19,2005,1,1,54,0.6,0,0,0,0,0,0,0,0,0.00,0.00,0.00,0.00,0.00
Milciades Adorno,py PAR,"FW,MF",Sportivo Ameliano,19,2005,6,6,301,3.3,1,0,1,1,0,0,2,0,0.30,0.00,0.30,0.30,0.30
Pablo Adorno,py PAR,DF,2 de Mayo,27,1996,11,7,735,8.2,0,0,0,0,0,0,1,0,0.00,0.00,0.00,0.00,0.00
Angel Aguayo,py PAR,MF,Sol de América,17,2006,2,1,108,1.2,0,0,0,0,0,0,0,0,0.00,0.00,0.00,0.00,0.00
Gabriel Aguayo,py PAR,MF,Cerro Porteño,18,2005,28,14,1580,17.6,2,4,6,2,0,0,2,0,0.11,0.23,0.34,0.11,0.34
Alfredo Aguilar,py PAR,GK,Sport Luqueño,35,1988,36,36,3200,35.6,0,0,0,0,0,0,3,1,0.00,0.00,0.00,0.00,0.00
Gustavo Aguilar,py PAR,FW,Libertad,24,1999,26,5,840,9.3,1,1,2,1,0,0,0,0,0.11,0.11,0.21,0.11,0.21
Marcos Aguilera,py PAR,FW,2 de Mayo,21,2002,17,3,525,5.8,0,0,0,0,0,0,3,0,0.00,0.00,0.00,0.00,0.00
Luis Alberto Acosta,py PAR,DF,Tacuary,40,1983,14,6,680,7.6,1,0,1,1,0,0,1,0,0.13,0.00,0.13,0.13,0.13
Rodrigo Alborno,py PAR,DF,Sport Luqueño,30,1993,20,18,1597,17.7,1,0,1,1,0,0,3,0,0.06,0.00,0.06,0.06,0.06
Adrián Alcaraz,py PAR,"FW,MF",Guaraní,24,1999,34,33,2812,31.2,10,2,12,10,0,0,4,1,0.32,0.06,0.38,0.32,0.38
Facundo Alcaraz,py PAR,,Tacuary,17,2006,1,0,8,0.1,0,0,0,0,0,0,0,0,0.00,0.00,0.00,0.00,0.00
Derlis Alegre,py PAR,MF,Sport Luqueño,30,1994,12,2,278,3.1,0,0,0,0,0,0,0,0,0.00,0.00,0.00,0.00,0.00
Elías Alfonso,py PAR,"MF,FW",2 de Mayo,24,1999,39,31,2773,30.8,2,6,8,2,0,0,3,0,0.06,0.19,0.26,0.06,0.26
Fredderick Alfonso,py PAR,MF,Sportivo Ameliano,27,1996,7,4,348,3.9,0,0,0,0,0,0,1,0,0.00,0.00,0.00,0.00,0.00
Matías Almeida,py PAR,FW,Olimpia,18,2005,3,2,142,1.6,0,0,0,0,0,0,0,0,0.00,0.00,0.00,0.00,0.00
Wildo Alonso,py PAR,DF,Sportivo Trinidense,33,1990,20,14,1284,14.3,0,1,1,0,0,0,6,0,0.00,0.07,0.07,0.00,0.07
Jesús Alvarenga,py PAR,MF,Guaraní,20,2003,1,0,18,0.2,0,0,0,0,0,0,0,0,0.00,0.00,0.00,0.00,0.00
Alex Álvarez,py PAR,FW,Sport Luqueño,26,1997,23,12,1109,12.3,3,3,6,3,0,0,3,0,0.24,0.24,0.49,0.24,0.49
Alfredo Amarilla,py PAR,MF,Tacuary,22,2001,9,6,492,5.5,0,0,0,0,0,0,4,0,0.00,0.00,0.00,0.00,0.00
Cristian Amarilla,ar ARG,"MF,FW",Sol de América,30,1993,33,22,1852,20.6,4,4,8,4,0,0,3,0,0.19,0.19,0.39,0.19,0.39
Rodrigo Amarilla,py PAR,MF,Guaraní,24,1999,5,0,96,1.1,0,0,0,0,0,0,1,0,0.00,0.00,0.00,0.00,0.00
Player,Nation,Pos,Squad,Age,Born,MP,Starts,Min,90s,Gls,Ast,G+A,G-PK,PK,PKatt,CrdY,CrdR,Gls,Ast,G+A,G-PK,G+A-PK
Rodrigo Amarilla,py PAR,"MF,FW",Club General Caballero JLM,24,1999,8,5,377,4.2,1,0,1,1,0,1,2,0,0.24,0.00,0.24,0.24,0.24
Gerardo Amílcar Ortiz,py PAR,GK,Sol de América,34,1989,27,27,2430,27.0,0,0,0,0,0,0,0,0,0.00,0.00,0.00,0.00,0.00
Brian Andrada,ar ARG,"MF,FW",Sportivo Trinidense,26,1997,23,14,1162,12.9,0,0,0,0,0,0,0,0,0.00,0.00,0.00,0.00,0.00
Miguel Ángel Paniagua,py PAR,"MF,DF",Sol de América,36,1987,10,4,454,5.0,0,0,0,0,0,0,2,0,0.00,0.00,0.00,0.00,0.00
Ángel Aquino,,,Guaraní,,,1,0,12,0.1,0,0,0,0,0,0,0,0,0.00,0.00,0.00,0.00,0.00
Derlis Aquino,py PAR,FW,Sol de América,23,2000,10,4,313,3.5,0,1,1,0,0,0,0,0,0.00,0.29,0.29,0.00,0.29
Franco Aragón,ar ARG,MF,Sol de América,29,1994,19,17,1404,15.6,1,2,3,1,0,0,2,0,0.06,0.13,0.19,0.06,0.19
Diego Aranda,py PAR,GK,Sol de América,21,2002,8,8,720,8.0,0,0,0,0,0,0,0,0,0.00,0.00,0.00,0.00,0.00
Pablo Aranda,ar ARG,DF,Sportivo Ameliano,22,2001,8,3,393,4.4,0,0,0,0,0,0,1,0,0.00,0.00,0.00,0.00,0.00
Sergio Araujo,ar ARG,MF,Cerro Porteño,32,1992,5,4,261,2.9,0,0,0,0,0,0,0,0,0.00,0.00,0.00,0.00,0.00
Pedro Arce,py PAR,"MF,FW",Sportivo Trinidense,32,1991,10,5,417,4.6,0,1,1,0,0,0,2,0,0.00,0.22,0.22,0.00,0.22
Teodoro Arce,py PAR,"MF,FW",Club General Caballero JLM,24,2000,31,23,2159,24.0,4,2,6,3,1,1,7,1,0.17,0.08,0.25,0.13,0.21
Gonzalo Areco,py PAR,MF,Sportivo Ameliano,28,1995,2,1,76,0.8,0,0,0,0,0,0,1,0,0.00,0.00,0.00,0.00,0.00
Rodrigo Arévalo,py PAR,FW,Nacional,28,1995,18,7,787,8.7,4,2,6,4,0,0,0,0,0.46,0.23,0.69,0.46,0.69
Rodrigo Arévalo,py PAR,FW,Sportivo Trinidense,28,1995,14,10,798,8.9,1,2,3,1,0,0,1,0,0.11,0.23,0.34,0.11,0.34
Gustavo Arévalos,py PAR,GK,Club General Caballero JLM,39,1984,12,12,977,10.9,0,0,0,0,0,0,5,1,0.00,0.00,0.00,0.00,0.00
Matias Arguello,,"DF,MF",Tacuary,,,30,24,2153,23.9,1,2,3,1,0,0,5,0,0.04,0.08,0.13,0.04,0.13
Víctor Argüello,py PAR,"MF,FW",2 de Mayo,22,2001,22,9,876,9.7,2,0,2,2,0,0,1,0,0.21,0.00,0.21,0.21,0.21
Jorge Armoa,py PAR,MF,Club General Caballero JLM,22,2001,9,2,330,3.7,1,0,1,1,0,0,1,0,0.27,0.00,0.27,0.27,0.27
Carlos Arrua,py PAR,"MF,FW",Olimpia,26,1997,30,6,879,9.8,5,2,7,5,0,0,1,0,0.51,0.20,0.72,0.51,0.72
Iván Arturo Torres,py PAR,MF,Sport Luqueño,32,1991,19,14,1144,12.7,0,1,1,0,0,0,2,0,0.00,0.08,0.08,0.00,0.08
Juan Arza,,MF,Nacional,,,1,0,28,0.3,0,0,0,0,0,0,0,0,0.00,0.00,0.00,0.00,0.00
Santiago Arzamendia,py PAR,DF,Cerro Porteño,25,1998,20,19,1713,19.0,0,0,0,0,0,0,3,0,0.00,0.00,0.00,0.00,0.00
Alcides Ávalos,py PAR,FW,Cerro Porteño,19,2005,1,0,26,0.3,0,0,0,0,0,0,1,0,0.00,0.00,0.00,0.00,0.00
Fabio Avalos,py PAR,MF,Nacional,18,2005,2,0,4,0.0,0,0,0,0,0,0,0,0,0.00,0.00,0.00,0.00,0.00
Player,Nation,Pos,Squad,Age,Born,MP,Starts,Min,90s,Gls,Ast,G+A,G-PK,PK,PKatt,CrdY,CrdR,Gls,Ast,G+A,G-PK,G+A-PK
Pablo Ayala,py PAR,MF,Club General Caballero JLM,28,1995,38,33,2793,31.0,0,2,2,0,0,0,3,0,0.00,0.06,0.06,0.00,0.06
Wilson Ayala,py PAR,MF,2 de Mayo,28,1995,36,22,1863,20.7,12,5,17,9,3,3,4,1,0.58,0.24,0.82,0.43,0.68
Cristhian Báez,py PAR,FW,Club General Caballero JLM,20,2003,15,1,344,3.8,1,0,1,1,0,0,1,0,0.26,0.00,0.26,0.26,0.26
Cristian Báez,py PAR,DF,Cerro Porteño,33,1990,37,34,3082,34.2,2,1,3,2,0,0,3,0,0.06,0.03,0.09,0.06,0.09
Francisco Báez,py PAR,DF,Sportivo Ameliano,32,1991,28,24,2142,23.8,0,0,0,0,0,0,8,1,0.00,0.00,0.00,0.00,0.00
Ronaldo Báez,py PAR,MF,Sportivo Trinidense,25,1998,11,4,369,4.1,1,0,1,1,0,0,1,0,0.24,0.00,0.24,0.24,0.24
Ronaldo Báez,py PAR,MF,Club General Caballero JLM,25,1998,13,7,554,6.2,1,1,2,1,0,0,2,1,0.16,0.16,0.32,0.16,0.32
Ignacio Bailone,ar ARG,FW,Nacional,30,1994,22,8,913,10.1,1,2,3,1,0,0,1,0,0.10,0.20,0.30,0.10,0.30
Enrique Balbuena,py PAR,FW,2 de Mayo,21,2003,14,6,506,5.6,1,0,1,1,0,0,0,0,0.18,0.00,0.18,0.18,0.18
Jorge Banegas,py PAR,MF,Sol de América,15,2008,3,0,16,0.2,0,0,0,0,0,0,0,0,0.00,0.00,0.00,0.00,0.00
Aldo Bareiro,py PAR,GK,Tacuary,27,1996,17,17,1530,17.0,0,0,0,0,0,0,6,0,0.00,0.00,0.00,0.00,0.00
Antonio Bareiro,py PAR,"MF,FW",Libertad,34,1989,26,10,1123,12.5,6,3,9,6,0,0,1,0,0.48,0.24,0.72,0.48,0.72
Sergio Bareiro,py PAR,FW,Nacional,25,1998,12,6,551,6.1,1,0,1,1,0,0,1,0,0.16,0.00,0.16,0.16,0.16
Sergio Bareiro,py PAR,FW,Sportivo Ameliano,25,1998,12,3,418,4.6,0,0,0,0,0,0,1,0,0.00,0.00,0.00,0.00,0.00
Bruno Barja,uy URU,FW,Sportivo Ameliano,21,2002,8,1,266,3.0,1,0,1,1,0,0,1,0,0.34,0.00,0.34,0.34,0.34
Ariel Barreiro,ar ARG,DF,Club General Caballero JLM,22,2001,1,1,59,0.7,0,0,0,0,0,0,0,0,0.00,0.00,0.00,0.00,0.00
Miguel Barreto,py PAR,DF,2 de Mayo,26,1998,36,36,3071,34.1,2,3,5,2,0,0,6,1,0.06,0.09,0.15,0.06,0.15
Orlando Barreto,py PAR,DF,Olimpia,26,1998,30,30,2700,30.0,2,0,2,2,0,0,4,0,0.07,0.00,0.07,0.07,0.07
Hernan Barrientos,,,Tacuary,,,1,0,15,0.2,0,0,0,0,0,0,0,0,0.00,0.00,0.00,0.00,0.00
Nicolás Barrientos,ar ARG,"FW,MF",Guaraní,28,1995,17,11,936,10.4,0,0,0,0,0,0,0,0,0.00,0.00,0.00,0.00,0.00
Lucas Barrios,py PAR,FW,Sport Luqueño,39,1984,13,5,457,5.1,1,0,1,1,0,1,0,0,0.20,0.00,0.20,0.20,0.20
Víctor Barrios,py PAR,"DF,MF",Sol de América,26,1997,33,29,2413,26.8,0,2,2,0,0,0,5,1,0.00,0.07,0.07,0.00,0.07
Juan Bautista Cascini,ar ARG,MF,Sol de América,26,1997,3,2,167,1.9,0,0,0,0,0,0,0,0,0.00,0.00,0.00,0.00,0.00
Nazareno Bazán,ar ARG,FW,Nacional,24,1999,9,6,445,4.9,1,0,1,0,1,1,1,0,0.20,0.00,0.20,0.00,0.00
Sebastián Bedoya,py PAR,FW,Tacuary,17,2006,5,2,206,2.3,1,0,1,1,0,0,1,0,0.44,0.00,0.44,0.44,0.44
Player,Nation,Pos,Squad,Age,Born,MP,Starts,Min,90s,Gls,Ast,G+A,G-PK,PK,PKatt,CrdY,CrdR,Gls,Ast,G+A,G-PK,G+A-PK
Ismael Benegas,py PAR,DF,Nacional,36,1987,14,8,846,9.4,0,0,0,0,0,0,3,0,0.00,0.00,0.00,0.00,0.00
Ismael Benegas,py PAR,DF,Sol de América,36,1987,5,5,388,4.3,0,0,0,0,0,0,1,1,0.00,0.00,0.00,0.00,0.00
Alan Benítez,py PAR,DF,Cerro Porteño,30,1994,29,28,2386,26.5,1,3,4,1,0,0,3,0,0.04,0.11,0.15,0.04,0.15
Alcides Benítez,py PAR,"MF,DF",Guaraní,21,2002,28,7,823,9.1,0,3,3,0,0,0,4,0,0.00,0.33,0.33,0.00,0.33
Alfredo Benítez,py PAR,MF,Guaraní,18,2005,1,1,90,1.0,0,0,0,0,0,0,0,0,0.00,0.00,0.00,0.00,0.00
Brian Benítez,ar ARG,MF,Sportivo Ameliano,27,1996,12,5,590,6.6,0,1,1,0,0,0,2,0,0.00,0.15,0.15,0.00,0.15
César Benítez,py PAR,DF,Sportivo Trinidense,33,1990,40,40,3505,38.9,3,0,3,0,3,4,4,0,0.08,0.00,0.08,0.00,0.00
Derlis Benítez,py PAR,"DF,MF",2 de Mayo,23,2000,7,5,374,4.2,0,0,0,0,0,0,1,0,0.00,0.00,0.00,0.00,0.00
Edgar Benítez,py PAR,DF,Tacuary,26,1997,2,1,135,1.5,0,0,0,0,0,0,0,0,0.00,0.00,0.00,0.00,0.00
Fernando Benitez,mx MEX,MF,Sport Luqueño,24,1999,25,19,1674,18.6,0,1,1,0,0,0,7,1,0.00,0.05,0.05,0.00,0.05
Gastón Benítez,py PAR,DF,Nacional,21,2002,10,8,714,7.9,0,0,0,0,0,0,0,0,0.00,0.00,0.00,0.00,0.00
Gastón Benítez,py PAR,DF,Sol de América,21,2002,4,2,192,2.1,0,0,0,0,0,0,0,0,0.00,0.00,0.00,0.00,0.00
Hugo Benítez,py PAR,DF,Olimpia,24,1999,20,15,1457,16.2,0,0,0,0,0,0,4,0,0.00,0.00,0.00,0.00,0.00
Hugo Benítez,py PAR,FW,Olimpia,20,2003,19,17,1204,13.4,2,1,3,2,0,0,4,1,0.15,0.07,0.22,0.15,0.22
Ivan Benitez,,MF,Club General Caballero JLM,,,19,14,756,8.4,0,0,0,0,0,0,3,0,0.00,0.00,0.00,0.00,0.00
Jorge Benítez,py PAR,FW,Sport Luqueño,31,1992,27,15,1377,15.3,7,1,8,6,1,1,0,1,0.46,0.07,0.52,0.39,0.46
Marcelo Benítez,py PAR,MF,Tacuary,24,1999,6,2,116,1.3,0,2,2,0,0,0,0,0,0.00,1.55,1.55,0.00,1.55
Marcos Benítez,py PAR,MF,Sportivo Ameliano,28,1995,4,1,115,1.3,0,0,0,0,0,0,2,0,0.00,0.00,0.00,0.00,0.00
Miguel Benítez,py PAR,DF,Cerro Porteño,26,1997,7,4,290,3.2,0,0,0,0,0,0,0,0,0.00,0.00,0.00,0.00,0.00
Sebastián Benítez,py PAR,MF,Nacional,23,2000,1,0,45,0.5,0,0,0,0,0,0,0,0,0.00,0.00,0.00,0.00,0.00
Alan Bento,py PAR,DF,Tacuary,17,2006,1,1,90,1.0,0,0,0,0,0,0,0,0,0.00,0.00,0.00,0.00,0.00
Orlando Berrío,co COL,"FW,MF",Tacuary,32,1991,16,3,530,5.9,2,0,2,2,0,0,1,1,0.34,0.00,0.34,0.34,0.34
Brian Blasi,ar ARG,DF,Nacional,27,1996,18,15,1239,13.8,1,0,1,1,0,0,4,0,0.07,0.00,0.07,0.07,0.07
Giovanni Bogado,py PAR,"MF,FW",Sportivo Ameliano,22,2001,18,16,1413,15.7,0,0,0,0,0,0,5,0,0.00,0.00,0.00,0.00,0.00
Walter Bogado,py PAR,"MF,FW",2 de Mayo,24,1999,12,4,436,4.8,1,0,1,1,0,0,2,0,0.21,0.00,0.21,0.21,0.21
Player,Nation,Pos,Squad,Age,Born,MP,Starts,Min,90s,Gls,Ast,G+A,G-PK,PK,PKatt,CrdY,CrdR,Gls,Ast,G+A,G-PK,G+A-PK
Julián Bonetto,ar ARG,"MF,FW",Sportivo Trinidense,29,1994,8,3,259,2.9,0,0,0,0,0,0,2,0,0.00,0.00,0.00,0.00,0.00
Mathias Bordón,py PAR,GK,Sol de América,20,2003,1,1,90,1.0,0,0,0,0,0,0,0,0,0.00,0.00,0.00,0.00,0.00
Alex Britez,,MF,Guaraní,,,2,2,90,1.0,0,0,0,0,0,0,0,0,0.00,0.00,0.00,0.00,0.00
Adrián Brizuela,py PAR,DF,Sport Luqueño,19,2004,8,7,623,6.9,1,0,1,1,0,0,3,1,0.14,0.00,0.14,0.14,0.14
Feliciano Brizuela,py PAR,MF,Olimpia,27,1996,4,1,141,1.6,0,1,1,0,0,0,0,0,0.00,0.64,0.64,0.00,0.64
Feliciano Brizuela,py PAR,MF,Tacuary,27,1996,18,16,1358,15.1,0,5,5,0,0,0,0,0,0.00,0.33,0.33,0.00,0.33
Eduardo Brock,br BRA,DF,Cerro Porteño,32,1991,15,13,1029,11.4,0,0,0,0,0,0,1,1,0.00,0.00,0.00,0.00,0.00
Facundo Bruera,ar ARG,FW,Olimpia,25,1998,13,2,366,4.1,5,0,5,5,0,0,1,0,1.23,0.00,1.23,1.23,1.23
Giuliano Burgos,,,Tacuary,,,2,0,33,0.4,0,0,0,0,0,0,0,0,0.00,0.00,0.00,0.00,0.00
Gustavo Caballero,py PAR,"MF,FW",Nacional,22,2001,34,26,2343,26.0,4,2,6,4,0,0,4,0,0.15,0.08,0.23,0.15,0.23
Hernesto Caballero,py PAR,MF,Libertad,32,1991,40,33,2949,32.8,2,0,2,2,0,0,11,0,0.06,0.00,0.06,0.06,0.06
Tiago Caballero,py PAR,"FW,MF",Nacional,18,2005,34,26,1886,21.0,2,0,2,2,0,0,6,0,0.10,0.00,0.10,0.10,0.10
Víctor Cabañas,py PAR,DF,Cerro Porteño,20,2003,12,5,559,6.2,0,0,0,0,0,0,2,0,0.00,0.00,0.00,0.00,0.00
Enzo Cabrera,py PAR,DF,Cerro Porteño,18,2005,1,0,5,0.1,0,0,0,0,0,0,0,0,0.00,0.00,0.00,0.00,0.00
Lisandro Cabrera,ar ARG,FW,Sol de América,26,1998,38,29,2411,26.8,11,3,14,11,0,0,8,1,0.41,0.11,0.52,0.41,0.52
Walter Cabrera,py PAR,DF,Sportivo Ameliano,34,1990,9,6,533,5.9,0,0,0,0,0,0,1,0,0.00,0.00,0.00,0.00,0.00
Blas Cáceres,py PAR,MF,Nacional,34,1989,13,8,736,8.2,0,0,0,0,0,0,1,0,0.00,0.00,0.00,0.00,0.00
Blas Cáceres,py PAR,"MF,FW",Club General Caballero JLM,34,1989,18,9,800,8.9,0,1,1,0,0,0,2,0,0.00,0.11,0.11,0.00,0.11
Ever Cáceres,py PAR,DF,Sol de América,26,1997,11,6,464,5.2,0,1,1,0,0,0,2,0,0.00,0.19,0.19,0.00,0.19
Fernando Cáceres,py PAR,"FW,MF",2 de Mayo,27,1996,17,10,744,8.3,2,0,2,2,0,0,1,1,0.24,0.00,0.24,0.24,0.24
Luis Cáceres,py PAR,DF,Tacuary,28,1996,15,11,1050,11.7,0,0,0,0,0,0,6,0,0.00,0.00,0.00,0.00,0.00
Marcos Cáceres,py PAR,DF,Tacuary,37,1986,28,28,2395,26.6,1,0,1,1,0,0,6,1,0.04,0.00,0.04,0.04,0.04
Matías Cáceres,py PAR,MF,2 de Mayo,27,1996,1,1,90,1.0,0,0,0,0,0,0,0,0,0.00,0.00,0.00,0.00,0.00
Oscar Caceres,,MF,Sport Luqueño,,,5,0,33,0.4,0,0,0,0,0,0,0,0,0.00,0.00,0.00,0.00,0.00
Tales Caina Wastowski,br BRA,GK,Club General Caballero JLM,27,1997,1,1,90,1.0,0,0,0,0,0,0,0,0,0.00,0.00,0.00,0.00,0.00
Player,Nation,Pos,Squad,Age,Born,MP,Starts,Min,90s,Gls,Ast,G+A,G-PK,PK,PKatt,CrdY,CrdR,Gls,Ast,G+A,G-PK,G+A-PK
Néstor Camacho,py PAR,"FW,MF",Tacuary,36,1987,31,27,2135,23.7,4,6,10,4,0,0,3,1,0.17,0.25,0.42,0.17,0.42
Álvaro Campuzano,py PAR,"MF,DF",Libertad,28,1995,21,10,982,10.9,0,1,1,0,0,0,3,0,0.00,0.09,0.09,0.00,0.09
Pablo Candia,py PAR,DF,2 de Mayo,30,1993,5,0,116,1.3,0,0,0,0,0,0,0,0,0.00,0.00,0.00,0.00,0.00
Alexis Cañete,py PAR,DF,Nacional,20,2003,12,9,788,8.8,0,0,0,0,0,0,5,2,0.00,0.00,0.00,0.00,0.00
Axel Cañete,,DF,Sportivo Trinidense,,,8,7,521,5.8,1,1,2,1,0,0,1,1,0.17,0.17,0.35,0.17,0.35
Alan Cano,py PAR,MF,Olimpia,18,2005,7,5,359,4.0,0,0,0,0,0,0,2,0,0.00,0.00,0.00,0.00,0.00
Hernan Cano,,"MF,DF",Tacuary,,,6,3,210,2.3,0,0,0,0,0,0,0,0,0.00,0.00,0.00,0.00,0.00
Alexis Cantero,py PAR,DF,Guaraní,20,2003,32,28,2460,27.3,0,0,0,0,0,0,5,0,0.00,0.00,0.00,0.00,0.00
Manuel Capasso,ar ARG,DF,Olimpia,27,1996,29,28,2496,27.7,5,2,7,5,0,0,6,0,0.18,0.07,0.25,0.18,0.25
Luis Carbajal,,,Cerro Porteño,,,1,0,14,0.2,0,0,0,0,0,0,0,0,0.00,0.00,0.00,0.00,0.00
Ángel Cardozo,py PAR,"MF,FW",Libertad,29,1994,16,10,745,8.3,0,2,2,0,0,0,1,0,0.00,0.24,0.24,0.00,0.24
Luis Cardozo,py PAR,DF,Libertad,35,1988,17,14,1339,14.9,1,0,1,1,0,0,3,0,0.07,0.00,0.07,0.07,0.07
Óscar Cardozo,py PAR,FW,Libertad,40,1983,35,20,1722,19.1,9,2,11,7,2,2,8,1,0.47,0.10,0.57,0.37,0.47
Rafael Carrascal,co COL,MF,Cerro Porteño,31,1992,29,21,1763,19.6,2,2,4,2,0,0,4,0,0.10,0.10,0.20,0.10,0.20
Federico Carrizo,ar ARG,"MF,FW",Cerro Porteño,32,1991,41,27,2478,27.5,1,9,10,1,0,0,6,0,0.04,0.33,0.36,0.04,0.36
William Casanova,py PAR,FW,2 de Mayo,20,2003,3,1,77,0.9,0,0,0,0,0,0,0,0,0.00,0.00,0.00,0.00,0.00
César Castro,py PAR,DF,2 de Mayo,30,1993,37,36,3197,35.5,1,0,1,1,0,0,6,0,0.03,0.00,0.03,0.03,0.03
Matias Castro,py PAR,MF,Sol de América,20,2003,2,0,90,1.0,0,0,0,0,0,0,1,0,0.00,0.00,0.00,0.00,0.00
Pablo César Aguilar,py PAR,DF,Sport Luqueño,36,1987,22,21,1838,20.4,2,0,2,2,0,0,6,0,0.10,0.00,0.10,0.10,0.10
Victor Céspedes,,MF,Guaraní,,,7,1,140,1.6,1,0,1,1,0,0,0,0,0.64,0.00,0.64,0.64,0.64
Paul Charpentier,ar ARG,"MF,FW",Sportivo Trinidense,23,2000,16,6,626,7.0,5,0,5,5,0,0,2,0,0.72,0.00,0.72,0.72,0.72
Paul Charpentier,ar ARG,FW,Guaraní,23,2000,15,4,512,5.7,2,0,2,2,0,0,2,0,0.35,0.00,0.35,0.35,0.35
Chico,br BRA,FW,Cerro Porteño,28,1995,21,18,1372,15.2,6,2,8,5,1,1,2,0,0.39,0.13,0.52,0.33,0.46
Diego Churín,ar ARG,FW,Cerro Porteño,34,1989,39,20,1999,22.2,5,1,6,5,0,0,11,0,0.23,0.05,0.27,0.23,0.27
Walter Clar,py PAR,"DF,MF",Tacuary,29,1994,26,25,2163,24.0,1,2,3,0,1,2,0,0,0.04,0.08,0.12,0.00,0.08
Player,Nation,Pos,Squad,Age,Born,MP,Starts,Min,90s,Gls,Ast,G+A,G-PK,PK,PKatt,CrdY,CrdR,Gls,Ast,G+A,G-PK,G+A-PK
Fredy Colman,,"MF,FW",Olimpia,,,4,3,136,1.5,0,0,0,0,0,0,0,0,0.00,0.00,0.00,0.00,0.00
Orlando Colmán,py PAR,"MF,FW",Tacuary,21,2002,24,13,1169,13.0,5,0,5,5,0,0,3,0,0.38,0.00,0.38,0.38,0.38
Lautaro Comas,ar ARG,"MF,FW",Sport Luqueño,29,1995,32,22,1610,17.9,1,3,4,1,0,0,4,1,0.06,0.17,0.22,0.06,0.22
Lautaro Comas,ar ARG,FW,Sport Luqueño,29,1995,2,1,101,1.1,0,0,0,0,0,0,0,0,0.00,0.00,0.00,0.00,0.00
Alberto Contrera,py PAR,"MF,FW",Sportivo Ameliano,31,1992,36,27,2022,22.5,4,8,12,2,2,2,4,0,0.18,0.36,0.53,0.09,0.45
Ronald Cornet,py PAR,MF,2 de Mayo,21,2002,27,12,1229,13.7,5,2,7,5,0,1,4,0,0.37,0.15,0.51,0.37,0.51
Julio Coronel,,"FW,MF",Sportivo Ameliano,,,10,9,423,4.7,0,0,0,0,0,0,0,0,0.00,0.00,0.00,0.00,0.00
Oscar Coronel,py PAR,FW,Sol de América,20,2004,1,0,20,0.2,0,0,0,0,0,0,0,0,0.00,0.00,0.00,0.00,0.00
Ulises Coronel,py PAR,"MF,DF",2 de Mayo,25,1999,21,5,666,7.4,1,0,1,1,0,0,1,0,0.14,0.00,0.14,0.14,0.14
Luis Corrales,,MF,2 de Mayo,,,1,1,55,0.6,0,0,0,0,0,0,0,0,0.00,0.00,0.00,0.00,0.00
Franco Costa,ar ARG,"FW,MF",2 de Mayo,32,1991,9,0,200,2.2,2,2,4,2,0,0,0,0,0.90,0.90,1.80,0.90,1.80
Federico Cristofóro,uy URU,GK,Sportivo Ameliano,34,1989,24,23,2127,23.6,0,0,0,0,0,0,1,0,0.00,0.00,0.00,0.00,0.00
Juan Cruz Monteagudo,ar ARG,DF,Nacional,28,1995,18,17,1488,16.5,1,0,1,1,0,0,5,0,0.06,0.00,0.06,0.06,0.06
Álvaro Cuello,ar ARG,"MF,FW",Guaraní,29,1994,20,10,990,11.0,1,0,1,1,0,0,3,0,0.09,0.00,0.09,0.09,0.09
Robert Piris Da Motta,py PAR,MF,Cerro Porteño,29,1994,35,33,2716,30.2,5,1,6,2,3,3,8,0,0.17,0.03,0.20,0.07,0.10
Víctor Dávalos,py PAR,DF,Sportivo Trinidense,32,1991,2,2,98,1.1,1,0,1,1,0,0,1,1,0.92,0.00,0.92,0.92,0.92
Fernando David Cardozo,py PAR,MF,Olimpia,22,2001,12,12,886,9.8,0,1,1,0,0,0,1,0,0.00,0.10,0.10,0.00,0.10
Ronaldo Dejesús,py PAR,DF,Cerro Porteño,,,24,13,1345,14.9,2,0,2,2,0,0,1,0,0.13,0.00,0.13,0.13,0.13
Santiago Del Valle,py PAR,DF,Libertad,18,2005,3,3,256,2.8,0,0,0,0,0,0,1,0,0.00,0.00,0.00,0.00,0.00
Pedro Delvalle,py PAR,"MF,FW",Sportivo Trinidense,30,1994,13,6,579,6.4,3,0,3,1,2,2,2,0,0.47,0.00,0.47,0.16,0.16
Pedro Delvalle,py PAR,MF,Club General Caballero JLM,30,1994,21,21,1699,18.9,1,1,2,0,1,1,5,0,0.05,0.05,0.11,0.00,0.05
Rodrigo Delvalle,py PAR,DF,Sol de América,22,2001,17,16,1406,15.6,1,0,1,1,0,0,3,0,0.06,0.00,0.06,0.06,0.06
Kevin Denis,ar ARG,MF,Club General Caballero JLM,23,2000,12,1,308,3.4,0,0,0,0,0,0,0,0,0.00,0.00,0.00,0.00,0.00
Bruno Díaz,,MF,Guaraní,,,3,0,113,1.3,0,0,0,0,0,0,1,0,0.00,0.00,0.00,0.00,0.00
Estifen Díaz,py PAR,MF,Sportivo Trinidense,18,2005,5,3,222,2.5,0,1,1,0,0,0,0,0,0.00,0.41,0.41,0.00,0.41
Player,Nation,Pos,Squad,Age,Born,MP,Starts,Min,90s,Gls,Ast,G+A,G-PK,PK,PKatt,CrdY,CrdR,Gls,Ast,G+A,G-PK,G+A-PK
Fernando Díaz,py PAR,DF,Sol de América,22,2001,38,37,3368,37.4,1,0,1,1,0,0,6,0,0.03,0.00,0.03,0.03,0.03
Leon Diego,py PAR,DF,Cerro Porteño,16,2007,19,18,1640,18.2,2,0,2,2,0,0,2,0,0.11,0.00,0.11,0.11,0.11
Sergio Dietze,py PAR,FW,Sol de América,26,1997,13,1,248,2.8,0,0,0,0,0,0,2,0,0.00,0.00,0.00,0.00,0.00
Julio Doldán,py PAR,FW,Nacional,30,1993,2,0,69,0.8,0,0,0,0,0,0,0,0,0.00,0.00,0.00,0.00,0.00
Cecilio Domínguez,py PAR,"MF,FW",Cerro Porteño,29,1994,25,21,1707,19.0,11,5,16,8,3,3,2,0,0.58,0.26,0.84,0.42,0.69
Javier Dominguez,py PAR,MF,2 de Mayo,23,2000,37,34,3072,34.1,0,0,0,0,0,0,12,1,0.00,0.00,0.00,0.00,0.00
Ronal Domínguez,py PAR,"DF,MF",Tacuary,31,1992,16,11,973,10.8,0,0,0,0,0,0,2,0,0.00,0.00,0.00,0.00,0.00
Diarra Dramane,,,Cerro Porteño,,,1,0,12,0.1,0,0,0,0,0,0,0,0,0.00,0.00,0.00,0.00,0.00
Dantes Duarte,py PAR,,Tacuary,16,2007,2,0,62,0.7,0,0,0,0,0,0,0,0,0.00,0.00,0.00,0.00,0.00
Diego Duarte,py PAR,"FW,MF",Nacional,21,2002,26,18,1469,16.3,8,3,11,8,0,0,0,0,0.49,0.18,0.67,0.49,0.67
Eduardo Duarte,py PAR,DF,Nacional,29,1994,7,5,474,5.3,0,0,0,0,0,0,1,0,0.00,0.00,0.00,0.00,0.00
Rodrigo Duarte,py PAR,DF,Sol de América,22,2002,12,11,1002,11.1,0,0,0,0,0,0,2,0,0.00,0.00,0.00,0.00,0.00
Santiago Dupuy,uy URU,DF,Sol de América,20,2004,1,0,8,0.1,0,0,0,0,0,0,0,0,0.00,0.00,0.00,0.00,0.00
Edu,br BRA,FW,Cerro Porteño,30,1993,7,1,182,2.0,1,1,2,1,0,0,0,0,0.49,0.49,0.99,0.49,0.99
Claudio Escobar,,"MF,FW",2 de Mayo,,,8,8,516,5.7,0,0,0,0,0,0,3,0,0.00,0.00,0.00,0.00,0.00
Roland Escobar,py PAR,FW,Sportivo Ameliano,22,2001,2,0,62,0.7,0,0,0,0,0,0,0,0,0.00,0.00,0.00,0.00,0.00
Leandro Espejo,ar ARG,MF,Sol de América,22,2001,7,0,151,1.7,0,1,1,0,0,0,0,0,0.00,0.60,0.60,0.00,0.60
Carlos Espinola,py PAR,DF,Olimpia,24,1999,20,15,1430,15.9,1,0,1,1,0,0,4,0,0.06,0.00,0.06,0.06,0.06
Héctor Espínola,py PAR,GK,Tacuary,32,1991,5,5,450,5.0,0,0,0,0,0,0,0,0,0.00,0.00,0.00,0.00,0.00
Juan Espínola,py PAR,GK,Olimpia,29,1994,2,1,114,1.3,0,0,0,0,0,0,0,0,0.00,0.00,0.00,0.00,0.00
Matías Espinoza,py PAR,DF,Libertad,26,1997,34,31,2760,30.7,4,2,6,4,0,0,6,0,0.13,0.07,0.20,0.13,0.20
Pablo Espinoza,py PAR,DF,Tacuary,35,1988,14,5,537,6.0,3,0,3,3,0,0,3,0,0.50,0.00,0.50,0.50,0.50
Víctor Ezequiel Salazar,ar ARG,DF,Olimpia,30,1993,4,3,277,3.1,0,0,0,0,0,0,2,0,0.00,0.00,0.00,0.00,0.00
Diego Fabián Barreto,py PAR,"MF,FW",Sportivo Ameliano,30,1993,5,4,260,2.9,0,0,0,0,0,0,0,0,0.00,0.00,0.00,0.00,0.00
Gonzalo Falcón,uy URU,GK,Sport Luqueño,27,1996,8,7,668,7.4,0,0,0,0,0,0,0,0,0.00,0.00,0.00,0.00,0.00
Player,Nation,Pos,Squad,Age,Born,MP,Starts,Min,90s,Gls,Ast,G+A,G-PK,PK,PKatt,CrdY,CrdR,Gls,Ast,G+A,G-PK,G+A-PK
Alexis Fariña,py PAR,"MF,FW",Cerro Porteño,19,2004,18,6,666,7.4,2,1,3,2,0,0,1,0,0.27,0.14,0.41,0.27,0.41
Carlos Favero,py PAR,DF,Cerro Porteño,18,2005,2,0,42,0.5,0,0,0,0,0,0,0,0,0.00,0.00,0.00,0.00,0.00
Juan Feliú,py PAR,DF,2 de Mayo,22,2001,27,22,1918,21.3,0,0,0,0,0,0,1,2,0.00,0.00,0.00,0.00,0.00
Alexis Fernández,py PAR,DF,Tacuary,27,1996,25,20,1810,20.1,0,2,2,0,0,0,5,0,0.00,0.10,0.10,0.00,0.10
Danilo Fernández,py PAR,FW,Sport Luqueño,18,2005,4,1,105,1.2,0,0,0,0,0,0,0,0,0.00,0.00,0.00,0.00,0.00
David Fernández,py PAR,"FW,MF",Sol de América,18,2006,27,15,1150,12.8,1,2,3,1,0,0,3,0,0.08,0.16,0.23,0.08,0.23
Éver Fernández,py PAR,DF,Club General Caballero JLM,23,2000,30,19,1962,21.8,2,0,2,2,0,0,6,0,0.09,0.00,0.09,0.09,0.09
Fernando Fernández,py PAR,FW,Cerro Porteño,32,1992,33,16,1544,17.2,11,0,11,11,0,0,3,0,0.64,0.00,0.64,0.64,0.64
Hugo Fernández,py PAR,MF,Olimpia,26,1997,37,16,1477,16.4,1,3,4,1,0,0,5,0,0.06,0.18,0.24,0.06,0.24
Marcelo Fernández,py PAR,"FW,MF",Libertad,22,2001,19,12,1077,12.0,3,1,4,3,0,0,3,0,0.25,0.08,0.33,0.25,0.33
Juan Fernando Alfaro,ar ARG,MF,Nacional,24,1999,36,35,2991,33.2,3,0,3,1,2,2,6,1,0.09,0.00,0.09,0.03,0.03
Victor Ferraz,br BRA,MF,Tacuary,36,1988,28,23,2039,22.7,0,3,3,0,0,0,4,0,0.00,0.13,0.13,0.00,0.13
Carlos Ferreira,,,2 de Mayo,,,1,0,20,0.2,0,0,0,0,0,0,0,0,0.00,0.00,0.00,0.00,0.00
Clever Ferreira,py PAR,DF,Sportivo Ameliano,20,2003,6,3,406,4.5,0,0,0,0,0,0,3,0,0.00,0.00,0.00,0.00,0.00
Marcelo Ferreira,py PAR,FW,Sport Luqueño,30,1993,38,24,2269,25.2,7,4,11,5,2,3,6,0,0.28,0.16,0.44,0.20,0.36
Rodi Ferreira,py PAR,DF,Sport Luqueño,25,1998,38,36,3222,35.8,4,3,7,4,0,0,2,0,0.11,0.08,0.20,0.11,0.20
Sebastian Ferreira,,MF,Sport Luqueño,,,9,0,115,1.3,0,0,0,0,0,0,0,0,0.00,0.00,0.00,0.00,0.00
Carlos Figueredo,py PAR,MF,2 de Mayo,18,2005,2,1,53,0.6,0,0,0,0,0,0,0,0,0.00,0.00,0.00,0.00,0.00
Joel Figueredo,py PAR,MF,Nacional,21,2003,2,0,20,0.2,0,0,0,0,0,0,0,0,0.00,0.00,0.00,0.00,0.00
David Fleitas,py PAR,FW,2 de Mayo,26,1997,7,4,286,3.2,0,0,0,0,0,0,0,0,0.00,0.00,0.00,0.00,0.00
Gilberto Flores,py PAR,DF,Sportivo Trinidense,20,2003,25,22,1950,21.7,0,1,1,0,0,0,5,0,0.00,0.05,0.05,0.00,0.05
Alex Franco,py PAR,MF,Olimpia,22,2001,39,33,2639,29.3,2,2,4,2,0,0,8,0,0.07,0.07,0.14,0.07,0.14
Alex Franco,py PAR,"MF,DF",2 de Mayo,19,2004,2,2,90,1.0,0,0,0,0,0,0,0,0,0.00,0.00,0.00,0.00,0.00
Fabián Franco,py PAR,"DF,FW",Nacional,25,1998,15,5,621,6.9,1,1,2,1,0,0,1,0,0.14,0.14,0.29,0.14,0.29
Fabián Franco,py PAR,"DF,MF",Sportivo Ameliano,25,1998,13,10,824,9.2,1,0,1,1,0,0,3,0,0.11,0.00,0.11,0.11,0.11
Player,Nation,Pos,Squad,Age,Born,MP,Starts,Min,90s,Gls,Ast,G+A,G-PK,PK,PKatt,CrdY,CrdR,Gls,Ast,G+A,G-PK,G+A-PK
Iván Franco,py PAR,"MF,FW",Libertad,23,2000,27,18,1747,19.4,4,5,9,4,0,0,3,0,0.21,0.26,0.46,0.21,0.46
Juan Franco,py PAR,"MF,FW",Club General Caballero JLM,21,2002,20,6,727,8.1,0,0,0,0,0,0,2,0,0.00,0.00,0.00,0.00,0.00
Junior Franco,py PAR,DF,Tacuary,15,2008,1,1,90,1.0,0,0,0,0,0,0,0,0,0.00,0.00,0.00,0.00,0.00
Lucas Franco,py PAR,MF,Sportivo Trinidense,19,2004,2,0,61,0.7,0,0,0,0,0,0,1,0,0.00,0.00,0.00,0.00,0.00
William Franco,,,Sol de América,,,1,0,8,0.1,0,0,0,0,0,0,0,0,0.00,0.00,0.00,0.00,0.00
Alexis Fretes,py PAR,"FW,MF",Libertad,18,2005,10,7,502,5.6,0,0,0,0,0,0,2,0,0.00,0.00,0.00,0.00,0.00
Sergio Fretes,py PAR,"MF,FW",Sportivo Ameliano,24,1999,9,2,306,3.4,0,0,0,0,0,0,2,0,0.00,0.00,0.00,0.00,0.00
Sergio Fretes,py PAR,MF,Sport Luqueño,24,1999,12,2,399,4.4,0,0,0,0,0,0,1,0,0.00,0.00,0.00,0.00,0.00
Pedro Furlan,br BRA,FW,Club General Caballero JLM,22,2001,2,0,47,0.5,0,0,0,0,0,0,0,0,0.00,0.00,0.00,0.00,0.00
Juan Gabriel Patiño,py PAR,DF,Sportivo Ameliano,34,1989,27,25,2216,24.6,1,0,1,1,0,0,6,0,0.04,0.00,0.04,0.04,0.04
Cristián Gaitán,ar ARG,MF,Sol de América,34,1990,2,1,90,1.0,0,0,0,0,0,0,1,0,0.00,0.00,0.00,0.00,0.00
Gustavo Galeano,py PAR,DF,Sol de América,27,1996,4,3,270,3.0,0,0,0,0,0,0,1,0,0.00,0.00,0.00,0.00,0.00
Marcos Galeano,,MF,Sportivo Trinidense,,,19,10,831,9.2,2,2,4,2,0,0,3,0,0.22,0.22,0.43,0.22,0.43
P. Gamarra,py PAR,FW,Tacuary,19,2004,2,2,110,1.2,0,0,0,0,0,0,0,0,0.00,0.00,0.00,0.00,0.00
Orlando Gaona Lugo,py PAR,"MF,FW",Nacional,33,1990,36,18,1769,19.7,6,3,9,5,1,1,3,0,0.31,0.15,0.46,0.25,0.41
Marcos Gaona,,"MF,FW",2 de Mayo,,,22,8,801,8.9,2,3,5,2,0,0,0,0,0.22,0.34,0.56,0.22,0.56
Rolando García,py PAR,DF,Sol de América,33,1990,29,27,2483,27.6,3,1,4,3,0,0,6,0,0.11,0.04,0.14,0.11,0.14
Juan Gauto,py PAR,MF,Tacuary,29,1994,4,1,126,1.4,0,0,0,0,0,0,0,0,0.00,0.00,0.00,0.00,0.00
Nelson Gauto,py PAR,MF,2 de Mayo,20,2003,18,9,846,9.4,0,0,0,0,0,0,5,1,0.00,0.00,0.00,0.00,0.00
Aquilino Giménez,py PAR,DF,Sol de América,30,1993,8,8,719,8.0,0,0,0,0,0,0,3,0,0.00,0.00,0.00,0.00,0.00
Carlos Giménez,py PAR,DF,Tacuary,17,2006,2,2,165,1.8,0,0,0,0,0,0,1,0,0.00,0.00,0.00,0.00,0.00
Enzo Giménez,py PAR,"MF,DF",Cerro Porteño,25,1998,22,20,1601,17.8,1,1,2,1,0,0,4,0,0.06,0.06,0.11,0.06,0.11
Gustavo Giménez,py PAR,DF,Sol de América,36,1987,23,19,1684,18.7,0,1,1,0,0,0,2,0,0.00,0.05,0.05,0.00,0.05
Juan Giménez,py PAR,MF,Sportivo Ameliano,20,2003,6,2,187,2.1,0,0,0,0,0,0,1,0,0.00,0.00,0.00,0.00,0.00
Martin Gimenez,,,Nacional,,,1,0,23,0.3,0,0,0,0,0,0,0,0,0.00,0.00,0.00,0.00,0.00
Player,Nation,Pos,Squad,Age,Born,MP,Starts,Min,90s,Gls,Ast,G+A,G-PK,PK,PKatt,CrdY,CrdR,Gls,Ast,G+A,G-PK,G+A-PK
Néstor Giménez,py PAR,DF,Libertad,26,1997,35,35,2985,33.2,1,1,2,1,0,0,8,1,0.03,0.03,0.06,0.03,0.06
Osmar Giménez,py PAR,"MF,FW",Club General Caballero JLM,16,2007,16,10,797,8.9,1,1,2,1,0,0,2,0,0.11,0.11,0.23,0.11,0.23
Alan Gómez,py PAR,MF,Nacional,21,2002,17,9,912,10.1,3,2,5,3,0,0,4,0,0.30,0.20,0.49,0.30,0.49
Marcos Gómez,py PAR,MF,Olimpia,22,2001,22,10,1087,12.1,0,1,1,0,0,0,4,0,0.00,0.08,0.08,0.00,0.08
Mauro Gomez,,"FW,MF",2 de Mayo,,,4,3,199,2.2,0,0,0,0,0,0,0,0,0.00,0.00,0.00,0.00,0.00
Aldo González,py PAR,MF,Nacional,27,1996,5,1,164,1.8,0,0,0,0,0,0,0,0,0.00,0.00,0.00,0.00,0.00
Angel González,py PAR,MF,Sport Luqueño,18,2005,1,1,45,0.5,0,0,0,0,0,0,0,0,0.00,0.00,0.00,0.00,0.00
Clementino González,py PAR,FW,Club General Caballero JLM,33,1990,41,28,2512,27.9,3,5,8,3,0,0,7,0,0.11,0.18,0.29,0.11,0.29
Derlis González,py PAR,"MF,FW",Olimpia,29,1994,35,20,1934,21.5,6,8,14,3,3,3,7,0,0.28,0.37,0.65,0.14,0.51
Fabricio Gonzalez,py PAR,DF,Nacional,19,2004,1,0,2,0.0,0,0,0,0,0,0,0,0,0.00,0.00,0.00,0.00,0.00
Lucas Gonzalez,py PAR,FW,Nacional,26,1997,1,0,1,0.0,0,0,0,0,0,0,0,0,0.00,0.00,0.00,0.00,0.00
Marcelo González,py PAR,MF,Nacional,27,1996,8,5,395,4.4,0,0,0,0,0,0,0,0,0.00,0.00,0.00,0.00,0.00
Marcelo González,py PAR,MF,Sol de América,27,1996,16,5,598,6.6,1,1,2,1,0,0,0,0,0.15,0.15,0.30,0.15,0.30
Marco Gonzalez,,FW,2 de Mayo,,,4,1,77,0.9,0,1,1,0,0,0,0,0,0.00,1.17,1.17,0.00,1.17
Ulises González,py PAR,DF,2 de Mayo,22,2002,5,3,276,3.1,0,0,0,0,0,0,0,0,0.00,0.00,0.00,0.00,0.00
Walter González,py PAR,FW,Guaraní,28,1995,37,17,1575,17.5,10,3,13,10,0,0,3,1,0.57,0.17,0.74,0.57,0.74
Anthony Graterol,ve VEN,DF,Sol de América,28,1995,3,0,102,1.1,0,0,0,0,0,0,1,1,0.00,0.00,0.00,0.00,0.00
Luis Guillén,py PAR,GK,Club General Caballero JLM,23,2000,33,30,2802,31.1,0,0,0,0,0,0,3,0,0.00,0.00,0.00,0.00,0.00
Thomas Gutiérrez,co COL,DF,Sportivo Ameliano,23,2000,31,29,2431,27.0,0,0,0,0,0,0,8,0,0.00,0.00,0.00,0.00,0.00
Guillermo Hauché,ar ARG,MF,Club General Caballero JLM,30,1993,10,6,478,5.3,0,2,2,0,0,1,2,1,0.00,0.38,0.38,0.00,0.38
Guillermo Hauché,ar ARG,"MF,FW",Sport Luqueño,30,1993,10,5,432,4.8,1,1,2,1,0,0,2,1,0.21,0.21,0.42,0.21,0.42
Juan Heinze,ar ARG,MF,Club General Caballero JLM,24,1999,2,0,31,0.3,0,0,0,0,0,0,0,0,0.00,0.00,0.00,0.00,0.00
Helerson,br BRA,DF,Tacuary,26,1997,25,25,2025,22.5,1,0,1,1,0,0,6,0,0.04,0.00,0.04,0.04,0.04
Diego Huesca,py PAR,GK,Tacuary,23,2000,5,5,450,5.0,0,0,0,0,0,0,0,0,0.00,0.00,0.00,0.00,0.00
Wilson Ibarrola,py PAR,DF,Guaraní,27,1996,22,10,1062,11.8,0,1,1,0,0,0,3,0,0.00,0.08,0.08,0.00,0.08
Player,Nation,Pos,Squad,Age,Born,MP,Starts,Min,90s,Gls,Ast,G+A,G-PK,PK,PKatt,CrdY,CrdR,Gls,Ast,G+A,G-PK,G+A-PK
Óscar Guillermo Giménez Irala,py PAR,FW,Sportivo Trinidense,33,1990,30,3,905,10.1,0,2,2,0,0,0,8,0,0.00,0.20,0.20,0.00,0.20
Juan Iturbe,py PAR,"MF,FW",Cerro Porteño,30,1993,33,20,1740,19.3,6,3,9,6,0,0,3,0,0.31,0.16,0.47,0.31,0.47
Miguel Jacquet Duarte,py PAR,"DF,MF",Libertad,28,1995,7,5,475,5.3,0,0,0,0,0,0,0,0,0.00,0.00,0.00,0.00,0.00
Fabrizio Jara,py PAR,MF,Nacional,21,2002,20,18,1526,17.0,2,1,3,2,0,0,2,0,0.12,0.06,0.18,0.12,0.18
Fabrizio Jara,py PAR,MF,Cerro Porteño,21,2002,1,0,5,0.1,0,0,0,0,0,0,0,0,0.00,0.00,0.00,0.00,0.00
Jorge Jara,py PAR,"MF,FW",Sportivo Trinidense,32,1991,14,6,695,7.7,0,0,0,0,0,0,4,0,0.00,0.00,0.00,0.00,0.00
Jorge Jara,py PAR,MF,Sol de América,32,1991,10,5,453,5.0,1,1,2,1,0,0,4,0,0.20,0.20,0.40,0.20,0.40
Enrique Javier Borja,py PAR,FW,Sportivo Trinidense,28,1995,7,2,174,1.9,0,0,0,0,0,0,0,0,0.00,0.00,0.00,0.00,0.00
Jean,br BRA,GK,Cerro Porteño,28,1995,38,38,3420,38.0,0,0,0,0,0,0,2,0,0.00,0.00,0.00,0.00,0.00
Luis de la Cruz,py PAR,"MF,DF",Sportivo Trinidense,32,1991,41,37,3051,33.9,2,3,5,2,0,0,10,0,0.06,0.09,0.15,0.06,0.15
Alan Ledesma,ar ARG,DF,Sport Luqueño,25,1998,8,2,226,2.5,0,0,0,0,0,0,1,0,0.00,0.00,0.00,0.00,0.00
Anderson Legüizamón,py PAR,MF,Guaraní,17,2006,14,11,603,6.7,0,0,0,0,0,0,0,0,0.00,0.00,0.00,0.00,0.00
José Leguizamón,py PAR,DF,Sport Luqueño,32,1991,17,16,1455,16.2,1,0,1,1,0,0,2,0,0.06,0.00,0.06,0.06,0.06
Mathias Leon,py PAR,,Sportivo Ameliano,21,2003,1,0,14,0.2,0,0,0,0,0,0,0,0,0.00,0.00,0.00,0.00,0.00
Dario Lezcano,py PAR,FW,Tacuary,33,1990,23,8,808,9.0,1,0,1,1,0,0,0,0,0.11,0.00,0.11,0.11,0.11
Rubén Lezcano,py PAR,"MF,FW",Libertad,19,2004,23,19,1411,15.7,8,4,12,5,3,3,0,0,0.51,0.26,0.77,0.32,0.57
Tomás Lezcano,py PAR,DF,Club General Caballero JLM,28,1995,31,28,2498,27.8,0,0,0,0,0,0,7,1,0.00,0.00,0.00,0.00,0.00
Danil Lipovoy,py PAR,MF,Sport Luqueño,24,1999,19,9,853,9.5,2,0,2,2,0,0,3,0,0.21,0.00,0.21,0.21,0.21
Danil Lipovoy,py PAR,"MF,FW",Tacuary,24,1999,13,8,713,7.9,2,0,2,1,1,1,0,0,0.25,0.00,0.25,0.13,0.13
Jesús Llano,py PAR,MF,2 de Mayo,22,2001,26,21,1847,20.5,2,0,2,2,0,0,5,1,0.10,0.00,0.10,0.10,0.10
Erik López,py PAR,"MF,FW",Olimpia,22,2001,22,15,1278,14.2,1,1,2,1,0,0,1,0,0.07,0.07,0.14,0.07,0.14
Mario López Quintana,py PAR,DF,Guaraní,28,1995,30,28,2499,27.8,0,1,1,0,0,0,7,1,0.00,0.04,0.04,0.00,0.04
Juan Luis Alfaro,ar ARG,DF,Nacional,24,1999,30,29,2482,27.6,1,2,3,1,0,0,7,0,0.04,0.07,0.11,0.04,0.11
José Luis Sinisterra,co COL,FW,Sportivo Trinidense,25,1998,7,4,298,3.3,1,0,1,1,0,0,0,0,0.30,0.00,0.30,0.30,0.30
Milton Maciel,py PAR,MF,Sportivo Trinidense,24,1999,15,4,499,5.5,1,3,4,1,0,0,1,0,0.18,0.54,0.72,0.18,0.72
Player,Nation,Pos,Squad,Age,Born,MP,Starts,Min,90s,Gls,Ast,G+A,G-PK,PK,PKatt,CrdY,CrdR,Gls,Ast,G+A,G-PK,G+A-PK
Esteban Maidana,py PAR,"DF,MF",2 de Mayo,24,1999,4,4,263,2.9,0,0,0,0,0,0,0,0,0.00,0.00,0.00,0.00,0.00
Aldo Maíz,py PAR,MF,Sportivo Ameliano,23,2000,30,18,1705,18.9,1,1,2,1,0,0,6,0,0.05,0.05,0.11,0.05,0.11
Sebastián Maldonado,py PAR,MF,Sport Luqueño,23,2000,7,3,298,3.3,0,0,0,0,0,0,0,0,0.00,0.00,0.00,0.00,0.00
Nicolás Maná,ar ARG,"MF,FW",Sport Luqueño,29,1994,41,29,2392,26.6,4,2,6,2,2,2,3,0,0.15,0.08,0.23,0.08,0.15
Jean Mangabeira,br BRA,"MF,DF",Tacuary,26,1997,16,15,1244,13.8,0,0,0,0,0,0,3,1,0.00,0.00,0.00,0.00,0.00
Agustín Manzur,ar ARG,MF,Guaraní,23,2000,41,40,3419,38.0,1,3,4,1,0,0,11,0,0.03,0.08,0.11,0.03,0.11
Miller Mareco,py PAR,DF,Club General Caballero JLM,30,1994,38,38,3176,35.3,3,2,5,3,0,0,4,1,0.09,0.06,0.14,0.09,0.14
Gustavo Marecos,py PAR,MF,Guaraní,22,2001,10,1,361,4.0,0,0,0,0,0,0,4,0,0.00,0.00,0.00,0.00,0.00
Alexis Martin Arias,ar ARG,GK,Cerro Porteño,31,1992,6,6,540,6.0,0,0,0,0,0,0,1,0,0.00,0.00,0.00,0.00,0.00
Alfredo Martínez,py PAR,FW,Nacional,17,2006,9,2,273,3.0,2,1,3,2,0,0,0,0,0.66,0.33,0.99,0.66,0.99
Angel Martínez,py PAR,GK,2 de Mayo,21,2002,1,1,90,1.0,0,0,0,0,0,0,0,0,0.00,0.00,0.00,0.00,0.00
Christian Martínez,,"MF,FW",Sportivo Trinidense,,,15,12,856,9.5,1,1,2,1,0,0,1,0,0.11,0.11,0.21,0.11,0.21
Derlis Martínez,py PAR,"MF,FW",Club General Caballero JLM,24,1999,11,4,403,4.5,0,0,0,0,0,0,0,0,0.00,0.00,0.00,0.00,0.00
Diego Martínez,py PAR,FW,Club General Caballero JLM,28,1995,22,15,1345,14.9,4,0,4,3,1,1,1,0,0.27,0.00,0.27,0.20,0.20
Fernando Martínez,py PAR,MF,Club General Caballero JLM,29,1994,36,34,2958,32.9,0,0,0,0,0,0,8,0,0.00,0.00,0.00,0.00,0.00
Hugo Martínez,py PAR,MF,Libertad,23,2000,23,13,1174,13.0,2,2,4,2,0,0,2,0,0.15,0.15,0.31,0.15,0.31
Luis Martínez,py PAR,MF,Guaraní,23,2000,6,3,367,4.1,0,0,0,0,0,0,2,0,0.00,0.00,0.00,0.00,0.00
Luis Martínez,py PAR,MF,Sportivo Ameliano,23,2000,16,14,1244,13.8,0,0,0,0,0,0,5,0,0.00,0.00,0.00,0.00,0.00
Luis Martínez,py PAR,DF,Tacuary,20,2003,2,2,167,1.9,0,0,0,0,0,0,0,0,0.00,0.00,0.00,0.00,0.00
Mathías Martínez,py PAR,MF,Guaraní,29,1994,37,26,2248,25.0,2,1,3,2,0,0,7,0,0.08,0.04,0.12,0.08,0.12
Ramón Martínez,py PAR,MF,Olimpia,28,1996,21,10,1040,11.6,2,0,2,2,0,0,2,1,0.17,0.00,0.17,0.17,0.17
Marcos Martinich,ar ARG,DF,Sportivo Ameliano,27,1996,14,8,841,9.3,0,0,0,0,0,0,4,0,0.00,0.00,0.00,0.00,0.00
Sergio Maximiliano Ojeda,ar ARG,DF,Nacional,32,1992,9,8,697,7.7,0,0,0,0,0,0,2,0,0.00,0.00,0.00,0.00,0.00
Bernardo Medina,py PAR,GK,Sol de América,36,1988,7,7,630,7.0,0,0,0,0,0,0,0,0,0.00,0.00,0.00,0.00,0.00
Gonzalo Medina,,DF,Guaraní,,,1,0,25,0.3,0,0,0,0,0,0,0,0,0.00,0.00,0.00,0.00,0.00
Player,Nation,Pos,Squad,Age,Born,MP,Starts,Min,90s,Gls,Ast,G+A,G-PK,PK,PKatt,CrdY,CrdR,Gls,Ast,G+A,G-PK,G+A-PK
Gustavo Medina,py PAR,MF,Tacuary,19,2004,4,2,160,1.8,0,0,0,0,0,0,0,0,0.00,0.00,0.00,0.00,0.00
Lorenzo Melgarejo,py PAR,"FW,MF",Libertad,33,1990,24,12,1293,14.4,5,0,5,4,1,2,3,0,0.35,0.00,0.35,0.28,0.28
Rodrigo Melgarejo,py PAR,DF,Cerro Porteño,21,2002,13,11,870,9.7,0,1,1,0,0,0,1,1,0.00,0.10,0.10,0.00,0.10
William Mendieta,py PAR,MF,Libertad,35,1989,13,1,267,3.0,2,1,3,2,0,0,1,1,0.67,0.34,1.01,0.67,1.01
Jorge Mendoza,py PAR,MF,Sport Luqueño,34,1989,29,24,1960,21.8,1,0,1,1,0,0,6,1,0.05,0.00,0.05,0.05,0.05
Sergio Mendoza,py PAR,DF,Sportivo Trinidense,29,1994,31,30,2595,28.8,0,2,2,0,0,0,6,0,0.00,0.07,0.07,0.00,0.07
Diego Mercado,ar ARG,MF,Sportivo Trinidense,27,1997,4,1,95,1.1,0,0,0,0,0,0,1,0,0.00,0.00,0.00,0.00,0.00
Juan Mereles,py PAR,FW,Sportivo Ameliano,19,2004,1,0,15,0.2,0,0,0,0,0,0,0,0,0.00,0.00,0.00,0.00,0.00
Bautista Merlini,ar ARG,MF,Libertad,28,1995,23,14,1191,13.2,0,2,2,0,0,1,3,0,0.00,0.15,0.15,0.00,0.15
Leandro Meza,,MF,Nacional,,,30,22,1841,20.5,2,1,3,2,0,0,7,2,0.10,0.05,0.15,0.10,0.15
Thyago Meza,py PAR,,Sol de América,16,2007,2,1,51,0.6,0,0,0,0,0,0,0,0,0.00,0.00,0.00,0.00,0.00
Cesar Mino,py PAR,"FW,MF",Guaraní,16,2007,15,9,521,5.8,1,0,1,1,0,0,1,0,0.17,0.00,0.17,0.17,0.17
Amin Molinas,py PAR,FW,Libertad,18,2005,2,1,54,0.6,0,0,0,0,0,0,1,0,0.00,0.00,0.00,0.00,0.00
Brian Montenegro,py PAR,"MF,FW",Olimpia,30,1993,10,3,409,4.5,2,0,2,2,0,0,1,0,0.44,0.00,0.44,0.44,0.44
Jorge Mora,py PAR,"MF,FW",Sol de América,17,2006,7,3,288,3.2,0,0,0,0,0,0,2,0,0.00,0.00,0.00,0.00,0.00
Estivel Moreira,py PAR,MF,Guaraní,24,1999,31,17,1551,17.2,0,1,1,0,0,0,4,0,0.00,0.06,0.06,0.00,0.06
Francisco Morel,py PAR,FW,Nacional,19,2004,10,1,188,2.1,0,0,0,0,0,0,0,0,0.00,0.00,0.00,0.00,0.00
Jorge Morel,py PAR,"MF,DF",Cerro Porteño,26,1998,30,22,1907,21.2,1,1,2,1,0,0,2,1,0.05,0.05,0.09,0.05,0.09
Alan Morinigo,ar ARG,"MF,DF",Olimpia,18,2005,8,2,309,3.4,1,1,2,1,0,0,1,0,0.29,0.29,0.58,0.29,0.58
Nicolás Morínigo,py PAR,FW,Tacuary,23,2000,26,16,1463,16.3,6,0,6,6,0,0,1,0,0.37,0.00,0.37,0.37,0.37
Rodrigo Morínigo,py PAR,GK,Libertad,25,1998,24,24,2115,23.5,0,0,0,0,0,0,1,0,0.00,0.00,0.00,0.00,0.00
Freddy Noguera,py PAR,FW,Olimpia,20,2004,2,0,7,0.1,0,0,0,0,0,0,0,0,0.00,0.00,0.00,0.00,0.00
Junior Noguera,py PAR,"FW,MF",2 de Mayo,21,2002,20,10,915,10.2,4,0,4,3,1,1,0,0,0.39,0.00,0.39,0.30,0.30
Alan Núñez,py PAR,DF,Cerro Porteño,19,2004,7,5,455,5.1,0,0,0,0,0,0,0,0,0.00,0.00,0.00,0.00,0.00
Claudio Núñez,py PAR,DF,Nacional,28,1995,37,35,3142,34.9,1,0,1,1,0,0,5,0,0.03,0.00,0.03,0.03,0.03
Player,Nation,Pos,Squad,Age,Born,MP,Starts,Min,90s,Gls,Ast,G+A,G-PK,PK,PKatt,CrdY,CrdR,Gls,Ast,G+A,G-PK,G+A-PK
Cristian Núñez,py PAR,MF,Tacuary,26,1997,5,5,404,4.5,0,0,0,0,0,0,2,0,0.00,0.00,0.00,0.00,0.00
Jhosias Nuñez,py PAR,MF,Nacional,15,2008,3,1,48,0.5,0,0,0,0,0,0,0,0,0.00,0.00,0.00,0.00,0.00
Martin Nuñez,py PAR,"MF,FW",Tacuary,22,2001,12,2,411,4.6,0,0,0,0,0,0,0,0,0.00,0.00,0.00,0.00,0.00
Cristhian Ocampos,py PAR,FW,Sportivo Ameliano,24,1999,16,6,714,7.9,2,1,3,2,0,0,1,0,0.25,0.13,0.38,0.25,0.38
Juan Ojeda,py PAR,"DF,MF",Sol de América,25,1998,9,8,721,8.0,0,1,1,0,0,0,2,0,0.00,0.12,0.12,0.00,0.12
Juan Ojeda,py PAR,DF,2 de Mayo,25,1998,6,3,334,3.7,0,0,0,0,0,0,0,0,0.00,0.00,0.00,0.00,0.00
César Olmedo,py PAR,DF,Olimpia,20,2003,26,25,2099,23.3,0,2,2,0,0,0,10,0,0.00,0.09,0.09,0.00,0.09
Gastón Olveira,uy URU,GK,Olimpia,30,1993,43,43,3846,42.7,0,0,0,0,0,0,6,0,0.00,0.00,0.00,0.00,0.00
Carlos Ordóñez,co COL,DF,Sportivo Trinidense,21,2002,3,2,185,2.1,0,0,0,0,0,0,0,0,0.00,0.00,0.00,0.00,0.00
Jorge Ortega,py PAR,FW,Tacuary,32,1991,3,1,75,0.8,0,0,0,0,0,0,2,0,0.00,0.00,0.00,0.00,0.00
Franco Ortellado,ar ARG,DF,Sportivo Ameliano,22,2001,1,1,57,0.6,0,0,0,0,0,0,0,0,0.00,0.00,0.00,0.00,0.00
José Ortigoza,py PAR,FW,Sol de América,36,1987,7,0,53,0.6,0,0,0,0,0,0,0,0,0.00,0.00,0.00,0.00,0.00
Derlis Ortiz,py PAR,FW,Sport Luqueño,29,1995,7,0,59,0.7,0,0,0,0,0,0,0,0,0.00,0.00,0.00,0.00,0.00
Luis Ortiz,py PAR,MF,Sol de América,24,2000,43,40,3190,35.4,5,5,10,5,0,0,5,0,0.14,0.14,0.28,0.14,0.28
Richard Ortiz,py PAR,MF,Olimpia,33,1990,29,27,2130,23.7,2,2,4,2,0,0,10,0,0.08,0.08,0.17,0.08,0.17
Richart Ortiz,py PAR,FW,Club General Caballero JLM,29,1995,12,1,263,2.9,1,1,2,1,0,0,2,0,0.34,0.34,0.68,0.34,0.68
Derlis Orué,py PAR,MF,Sol de América,35,1989,42,42,3670,40.8,1,2,3,1,0,0,9,0,0.02,0.05,0.07,0.02,0.07
Edgardo Orzusa,py PAR,MF,Nacional,33,1990,12,7,648,7.2,0,0,0,0,0,0,1,0,0.00,0.00,0.00,0.00,0.00
Edgardo Orzusa,py PAR,MF,Sportivo Trinidense,33,1990,12,2,261,2.9,0,0,0,0,0,0,1,0,0.00,0.00,0.00,0.00,0.00
Sergio Otálvaro,co COL,DF,Sport Luqueño,37,1986,10,7,660,7.3,0,0,0,0,0,0,4,0,0.00,0.00,0.00,0.00,0.00
Alfio Oviedo,py PAR,FW,Cerro Porteño,28,1995,7,3,271,3.0,1,1,2,1,0,0,1,0,0.33,0.33,0.66,0.33,0.66
Aaron Páez,py PAR,FW,Olimpia,18,2005,4,4,308,3.4,0,0,0,0,0,0,0,0,0.00,0.00,0.00,0.00,0.00
Edgar Paez,,,Cerro Porteño,,,2,0,29,0.3,0,0,0,0,0,0,0,0,0.00,0.00,0.00,0.00,0.00
Guillermo Paiva,py PAR,FW,Olimpia,26,1997,3,1,104,1.2,0,0,0,0,0,0,2,0,0.00,0.00,0.00,0.00,0.00
Abel Paredes,py PAR,DF,Sportivo Ameliano,26,1997,35,33,2901,32.2,0,1,1,0,0,0,1,1,0.00,0.03,0.03,0.00,0.03
Player,Nation,Pos,Squad,Age,Born,MP,Starts,Min,90s,Gls,Ast,G+A,G-PK,PK,PKatt,CrdY,CrdR,Gls,Ast,G+A,G-PK,G+A-PK
Andres Paredes,py PAR,GK,Tacuary,20,2003,2,2,180,2.0,0,0,0,0,0,0,0,0,0.00,0.00,0.00,0.00,0.00
Marcelo Paredes,py PAR,MF,Tacuary,31,1993,38,32,2816,31.3,3,2,5,3,0,0,4,0,0.10,0.06,0.16,0.10,0.16
Aldo Parra,py PAR,MF,Sport Luqueño,21,2002,11,4,360,4.0,0,0,0,0,0,0,1,0,0.00,0.00,0.00,0.00,0.00
Kevin Parzajuk,py PAR,FW,Olimpia,21,2002,16,8,621,6.9,4,0,4,4,0,0,1,0,0.58,0.00,0.58,0.58,0.58
Ivan Patino,,FW,Club General Caballero JLM,,,1,1,45,0.5,0,0,0,0,0,0,0,0,0.00,0.00,0.00,0.00,0.00
Rodney Pedrozo,py PAR,DF,Tacuary,30,1993,22,13,1152,12.8,0,1,1,0,0,0,1,0,0.00,0.08,0.08,0.00,0.08
Fabrizio Peralta,py PAR,MF,Cerro Porteño,21,2002,15,9,784,8.7,0,2,2,0,0,0,1,0,0.00,0.23,0.23,0.00,0.23
Francisco Peralta,py PAR,GK,Nacional,22,2001,1,1,90,1.0,0,0,0,0,0,0,1,0,0.00,0.00,0.00,0.00,0.00
Alan Pereira,py PAR,FW,Sportivo Trinidense,24,1999,19,12,991,11.0,7,0,7,7,0,0,0,0,0.64,0.00,0.64,0.64,0.64
Alan Pereira,py PAR,FW,Guaraní,24,1999,18,0,505,5.6,4,0,4,4,0,0,0,0,0.71,0.00,0.71,0.71,0.71
Kevin Pereira,py PAR,MF,Sport Luqueño,20,2004,11,4,379,4.2,1,1,2,1,0,0,0,0,0.24,0.24,0.47,0.24,0.47
Juan Pérez,py PAR,DF,Guaraní,30,1993,43,41,3684,40.9,4,4,8,4,0,0,6,0,0.10,0.10,0.20,0.10,0.20
Bruno Piñatares,uy URU,MF,Guaraní,33,1990,12,11,979,10.9,0,1,1,0,0,0,3,0,0.00,0.09,0.09,0.00,0.09
Iván Piris,py PAR,DF,Libertad,34,1989,17,15,1328,14.8,0,1,1,0,0,0,4,0,0.00,0.07,0.07,0.00,0.07
Tobías Portillo,py PAR,MF,Cerro Porteño,18,2005,8,1,136,1.5,0,1,1,0,0,0,0,0,0.00,0.66,0.66,0.00,0.66
Lucas Pratto,ar ARG,FW,Olimpia,35,1988,38,30,2592,28.8,5,1,6,5,0,0,8,0,0.17,0.03,0.21,0.17,0.21
Richard Prieto,py PAR,MF,Guaraní,26,1997,42,31,2655,29.5,1,5,6,1,0,0,5,0,0.03,0.17,0.20,0.03,0.20
Ismael Quílez,ar ARG,"DF,MF",Club General Caballero JLM,34,1989,11,3,462,5.1,0,0,0,0,0,0,4,0,0.00,0.00,0.00,0.00,0.00
Ricardo Quiñónez,py PAR,FW,Sportivo Trinidense,22,2001,6,0,87,1.0,0,1,1,0,0,0,1,0,0.00,1.03,1.03,0.00,1.03
Ricardo Quiñónez,py PAR,MF,Guaraní,22,2001,3,2,105,1.2,0,0,0,0,0,0,0,0,0.00,0.00,0.00,0.00,0.00
Wilson Quiñonez,py PAR,GK,Sportivo Trinidense,35,1988,12,12,1080,12.0,0,0,0,0,0,0,5,1,0.00,0.00,0.00,0.00,0.00
Brian Quintana,ar ARG,MF,Sol de América,21,2002,20,5,570,6.3,1,0,1,1,0,0,4,0,0.16,0.00,0.16,0.16,0.16
Hugo Quintana,py PAR,MF,Olimpia,22,2001,7,3,233,2.6,0,1,1,0,0,0,0,0,0.00,0.39,0.39,0.00,0.39
Lucas Quintana,py PAR,DF,Cerro Porteño,19,2005,7,5,496,5.5,0,0,0,0,0,0,0,0,0.00,0.00,0.00,0.00,0.00
Víctor Quintana,py PAR,MF,Nacional,20,2003,21,16,1276,14.2,1,3,4,1,0,0,4,0,0.07,0.21,0.28,0.07,0.28
Player,Nation,Pos,Squad,Age,Born,MP,Starts,Min,90s,Gls,Ast,G+A,G-PK,PK,PKatt,CrdY,CrdR,Gls,Ast,G+A,G-PK,G+A-PK
Víctor Quintana,py PAR,"DF,MF",Olimpia,20,2003,5,3,264,2.9,1,0,1,1,0,0,1,0,0.34,0.00,0.34,0.34,0.34
César Ramírez,py PAR,DF,Guaraní,20,2003,1,0,11,0.1,0,0,0,0,0,0,0,0,0.00,0.00,0.00,0.00,0.00
Iván Ramírez,py PAR,DF,Libertad,29,1994,31,27,2428,27.0,1,3,4,1,0,0,3,0,0.04,0.11,0.15,0.04,0.15
Roberto Ramírez,py PAR,MF,2 de Mayo,23,2000,31,24,2068,23.0,0,0,0,0,0,0,10,0,0.00,0.00,0.00,0.00,0.00
Rodrigo Ramírez,py PAR,MF,Tacuary,24,1999,1,0,36,0.4,0,0,0,0,0,0,0,0,0.00,0.00,0.00,0.00,0.00
Tomas Rayer,,MF,Sportivo Trinidense,22,2001,21,11,1029,11.4,3,2,5,3,0,0,2,0,0.26,0.17,0.44,0.26,0.44
José Recalde,py PAR,MF,Nacional,20,2003,5,1,137,1.5,0,0,0,0,0,0,0,0,0.00,0.00,0.00,0.00,0.00
Rodney Redes,py PAR,MF,Olimpia,23,2000,38,27,2579,28.7,8,4,12,8,0,0,3,0,0.28,0.14,0.42,0.28,0.42
Darío Ríos,ar ARG,MF,Sport Luqueño,28,1995,26,20,1877,20.9,0,1,1,0,0,0,9,0,0.00,0.05,0.05,0.00,0.05
Victor Rivarola,py PAR,MF,Guaraní,21,2002,1,0,10,0.1,0,0,0,0,0,0,0,0,0.00,0.00,0.00,0.00,0.00
Victor Rivarola,py PAR,"FW,MF",Club General Caballero JLM,21,2002,6,4,240,2.7,1,0,1,1,0,0,0,0,0.37,0.00,0.37,0.37,0.37
Daniel Rivas,py PAR,DF,Nacional,22,2001,29,27,2431,27.0,1,2,3,1,0,0,3,0,0.04,0.07,0.11,0.04,0.11
Cristian Riveros,py PAR,"MF,DF",Libertad,41,1982,3,2,193,2.1,0,1,1,0,0,0,0,0,0.00,0.47,0.47,0.00,0.47
Luis Riveros,py PAR,MF,Cerro Porteño,25,1998,7,1,167,1.9,1,1,2,1,0,0,1,0,0.54,0.54,1.08,0.54,1.08
Luis Riveros,py PAR,"MF,FW",Tacuary,25,1998,17,14,1205,13.4,1,1,2,1,0,0,1,0,0.07,0.07,0.15,0.07,0.15
Marcos Riveros,py PAR,MF,Sportivo Trinidense,35,1988,31,26,2200,24.4,1,2,3,1,0,1,9,1,0.04,0.08,0.12,0.04,0.12
Matías Riveros,,,Sport Luqueño,,,1,0,1,0.0,0,0,0,0,0,0,0,0,0.00,0.00,0.00,0.00,0.00
Paul Riveros,py PAR,DF,Guaraní,26,1997,33,33,2907,32.3,5,2,7,5,0,0,8,0,0.15,0.06,0.22,0.15,0.22
Paulo Riveros,py PAR,MF,Olimpia,17,2006,3,0,62,0.7,0,0,0,0,0,0,0,0,0.00,0.00,0.00,0.00,0.00
Ronald Roa,py PAR,"FW,MF",Sol de América,24,1999,35,9,1243,13.8,8,1,9,7,1,1,5,0,0.58,0.07,0.65,0.51,0.58
Alexis Rodas,py PAR,"DF,MF",Club General Caballero JLM,26,1997,25,23,1921,21.3,1,0,1,1,0,0,7,1,0.05,0.00,0.05,0.05,0.05
Juan Rodrigo Rojas,py PAR,MF,Sport Luqueño,35,1988,34,31,2615,29.1,3,3,6,3,0,0,8,2,0.10,0.10,0.21,0.10,0.21
Derlis Rodríguez,py PAR,"MF,FW",Cerro Porteño,26,1997,20,15,1171,13.0,2,4,6,2,0,0,1,0,0.15,0.31,0.46,0.15,0.46
Derlis Rodríguez,py PAR,MF,Tacuary,26,1997,20,19,1699,18.9,5,3,8,5,0,1,5,0,0.26,0.16,0.42,0.26,0.42
René Rodriguez,py PAR,DF,2 de Mayo,22,2002,19,17,1541,17.1,0,0,0,0,0,0,1,0,0.00,0.00,0.00,0.00,0.00
Player,Nation,Pos,Squad,Age,Born,MP,Starts,Min,90s,Gls,Ast,G+A,G-PK,PK,PKatt,CrdY,CrdR,Gls,Ast,G+A,G-PK,G+A-PK
Santiago Rojas,py PAR,GK,Nacional,27,1996,21,21,1890,21.0,0,0,0,0,0,1,4,0,0.00,0.00,0.00,0.00,0.00
Fernando Román,py PAR,DF,Olimpia,25,1998,14,13,1184,13.2,1,0,1,1,0,0,0,0,0.08,0.00,0.08,0.08,0.08
Fernando Román,py PAR,"DF,MF",Guaraní,22,2001,23,18,1574,17.5,0,0,0,0,0,0,6,0,0.00,0.00,0.00,0.00,0.00
Joel Román,py PAR,MF,Sportivo Trinidense,33,1990,30,21,1935,21.5,5,2,7,5,0,0,7,0,0.23,0.09,0.33,0.23,0.33
Fernando Romero,py PAR,FW,Sportivo Trinidense,23,2000,16,13,1049,11.7,4,4,8,4,0,0,1,0,0.34,0.34,0.69,0.34,0.69
Juan Romero,py PAR,"FW,MF",Sportivo Trinidense,22,2001,17,17,1433,15.9,4,2,6,4,0,0,4,0,0.25,0.13,0.38,0.25,0.38
Juan Romero,py PAR,FW,Olimpia,22,2001,5,0,138,1.5,0,0,0,0,0,0,1,0,0.00,0.00,0.00,0.00,0.00
Lucas Romero,py PAR,"DF,MF",Tacuary,21,2002,18,5,738,8.2,0,0,0,0,0,0,5,0,0.00,0.00,0.00,0.00,0.00
Manuel Romero,py PAR,DF,Club General Caballero JLM,30,1993,37,36,3053,33.9,0,0,0,0,0,0,6,1,0.00,0.00,0.00,0.00,0.00
Óscar Romero,py PAR,MF,Sportivo Ameliano,24,1999,11,7,616,6.8,0,0,0,0,0,0,1,0,0.00,0.00,0.00,0.00,0.00
Nicolás Rossi,uy URU,GK,Sportivo Ameliano,25,1998,20,20,1743,19.4,0,0,0,0,0,0,2,0,0.00,0.00,0.00,0.00,0.00
Enzo Rotela,py PAR,MF,Sol de América,19,2004,1,1,66,0.7,0,0,0,0,0,0,0,0,0.00,0.00,0.00,0.00,0.00
Armando Ruiz Díaz,py PAR,DF,Sportivo Trinidense,30,1993,19,11,1160,12.9,1,0,1,1,0,0,1,0,0.08,0.00,0.08,0.08,0.08
Fernando Ruiz Díaz,py PAR,FW,Sol de América,21,2002,23,12,1065,11.8,4,1,5,3,1,1,1,0,0.34,0.08,0.42,0.25,0.34
Rodrigo Ruiz Díaz,py PAR,FW,2 de Mayo,25,1999,21,19,1663,18.5,7,2,9,6,1,1,2,0,0.38,0.11,0.49,0.32,0.43
Sebastian Ruiz Díaz,py PAR,DF,Sport Luqueño,19,2004,1,0,1,0.0,0,0,0,0,0,0,0,0,0.00,0.00,0.00,0.00,0.00
Óscar Ruiz,py PAR,"FW,MF",Tacuary,32,1991,17,13,1003,11.1,2,1,3,2,0,0,1,0,0.18,0.09,0.27,0.18,0.27
Juan Salcedo,py PAR,MF,Sportivo Trinidense,20,2003,31,21,2050,22.8,1,0,1,1,0,0,5,0,0.04,0.00,0.04,0.04,0.04
Santiago Salcedo,py PAR,FW,Sol de América,42,1981,16,8,661,7.3,1,0,1,1,0,0,0,0,0.14,0.00,0.14,0.14,0.14
Saúl Salcedo,py PAR,DF,Olimpia,26,1997,16,16,1380,15.3,0,0,0,0,0,0,2,1,0.00,0.00,0.00,0.00,0.00
Richard Salinas,py PAR,"MF,FW",Sportivo Ameliano,28,1995,5,3,219,2.4,0,0,0,0,0,0,0,0,0.00,0.00,0.00,0.00,0.00
Felipe Salomoni,ar ARG,"MF,DF",Guaraní,20,2003,20,12,988,11.0,0,2,2,0,0,0,2,0,0.00,0.18,0.18,0.00,0.18
Alejandro Samudio,py PAR,"MF,FW",Sportivo Ameliano,24,1999,33,21,1888,21.0,4,1,5,4,0,0,3,1,0.19,0.05,0.24,0.19,0.24
Carlos Samudio,,DF,Sol de América,,,10,7,621,6.9,0,0,0,0,0,0,2,0,0.00,0.00,0.00,0.00,0.00
Miguel Samudio,py PAR,DF,Tacuary,37,1986,10,9,682,7.6,0,0,0,0,0,0,4,0,0.00,0.00,0.00,0.00,0.00
Player,Nation,Pos,Squad,Age,Born,MP,Starts,Min,90s,Gls,Ast,G+A,G-PK,PK,PKatt,CrdY,CrdR,Gls,Ast,G+A,G-PK,G+A-PK
Victor Samudio,py PAR,GK,Sportivo Trinidense,36,1987,32,32,2880,32.0,0,0,0,0,0,0,3,0,0.00,0.00,0.00,0.00,0.00
Lucas Sanabria,py PAR,MF,Libertad,24,1999,28,20,1638,18.2,2,2,4,2,0,0,4,1,0.11,0.11,0.22,0.11,0.22
Tobías Sanabria,py PAR,MF,Olimpia,19,2004,1,1,70,0.8,0,0,0,0,0,0,0,0,0.00,0.00,0.00,0.00,0.00
Jorge Sanguina,py PAR,FW,Club General Caballero JLM,24,1999,18,16,1319,14.7,8,3,11,6,2,2,4,0,0.55,0.20,0.75,0.41,0.61
Roque Santa Cruz,py PAR,FW,Libertad,42,1981,29,16,1449,16.1,4,2,6,4,0,0,3,0,0.25,0.12,0.37,0.25,0.37
Danilo Santacruz,py PAR,FW,Guaraní,28,1995,26,15,1180,13.1,3,0,3,3,0,0,1,0,0.23,0.00,0.23,0.23,0.23
Jordán Santacruz,py PAR,MF,Nacional,28,1995,34,14,1341,14.9,0,1,1,0,0,0,7,0,0.00,0.07,0.07,0.00,0.07
Elías Sarquis,py PAR,"FW,MF",Sportivo Ameliano,32,1991,27,7,993,11.0,2,3,5,2,0,0,4,0,0.18,0.27,0.45,0.18,0.45
Matías Schabus,,MF,Libertad,,,6,1,117,1.3,0,0,0,0,0,0,1,0,0.00,0.00,0.00,0.00,0.00
Alex Servian,,"MF,FW",Sportivo Ameliano,,,17,16,837,9.3,2,0,2,2,0,0,0,0,0.22,0.00,0.22,0.22,0.22
Carlos Servin,py PAR,GK,2 de Mayo,36,1987,42,42,3780,42.0,0,0,0,0,0,0,1,0,0.00,0.00,0.00,0.00,0.00
Jesús Servín,py PAR,MF,Tacuary,20,2003,2,1,103,1.1,0,0,0,0,0,0,0,0,0.00,0.00,0.00,0.00,0.00
Gaspar Servio,ar ARG,GK,Guaraní,31,1992,44,44,3960,44.0,6,0,6,0,6,6,7,0,0.14,0.00,0.14,0.00,0.00
Antony Silva,py PAR,GK,Nacional,39,1984,22,22,1980,22.0,0,0,0,0,0,0,1,0,0.00,0.00,0.00,0.00,0.00
Alejandro Silva González,uy URU,"MF,DF",Libertad,34,1989,28,10,1130,12.6,2,2,4,1,1,1,3,0,0.16,0.16,0.32,0.08,0.24
Martín Silva,uy URU,GK,Libertad,40,1983,20,19,1755,19.5,0,0,0,0,0,0,2,0,0.00,0.00,0.00,0.00,0.00
Pedro Sosa,py PAR,DF,2 de Mayo,32,1991,38,35,3150,35.0,1,0,1,1,0,0,4,1,0.03,0.00,0.03,0.03,0.03
Mathías Suárez,py PAR,DF,Sport Luqueño,18,2005,19,17,1409,15.7,1,0,1,1,0,0,1,0,0.06,0.00,0.06,0.06,0.06
Richard Torales,py PAR,FW,Sportivo Ameliano,22,2001,34,26,2179,24.2,7,0,7,7,0,0,3,0,0.29,0.00,0.29,0.29,0.29
Silvio Torales,py PAR,"MF,FW",Club General Caballero JLM,32,1991,17,9,804,8.9,1,0,1,1,0,0,1,0,0.11,0.00,0.11,0.11,0.11
Silvio Torales,py PAR,MF,Sportivo Ameliano,32,1991,10,4,487,5.4,0,0,0,0,0,0,0,0,0.00,0.00,0.00,0.00,0.00
Diego Torres,py PAR,"MF,FW",Sportivo Trinidense,21,2002,16,15,1129,12.5,3,1,4,3,0,0,6,0,0.24,0.08,0.32,0.24,0.32
Julio César González Trinidad,py PAR,DF,Sportivo Ameliano,31,1992,38,34,3122,34.7,0,0,0,0,0,0,4,0,0.00,0.00,0.00,0.00,0.00
Vagner,br BRA,GK,Tacuary,34,1989,15,15,1350,15.0,0,0,0,0,0,0,2,0,0.00,0.00,0.00,0.00,0.00
Valdeci,br BRA,"MF,FW",Tacuary,28,1995,14,4,425,4.7,0,1,1,0,0,0,3,0,0.00,0.21,0.21,0.00,0.21
Player,Nation,Pos,Squad,Age,Born,MP,Starts,Min,90s,Gls,Ast,G+A,G-PK,PK,PKatt,CrdY,CrdR,Gls,Ast,G+A,G-PK,G+A-PK
Bruno Valdez,py PAR,DF,Cerro Porteño,31,1992,7,7,629,7.0,0,0,0,0,0,0,2,0,0.00,0.00,0.00,0.00,0.00
Diego Valdez,py PAR,MF,Sol de América,30,1993,17,12,1143,12.7,1,1,2,1,0,1,5,0,0.08,0.08,0.16,0.08,0.16
Hugo Valdez,py PAR,"MF,FW",Sportivo Ameliano,28,1995,31,13,1548,17.2,5,1,6,5,0,0,3,0,0.29,0.06,0.35,0.29,0.35
Matías Valenti,ar ARG,DF,Club General Caballero JLM,21,2002,28,25,2200,24.4,1,1,2,1,0,0,9,0,0.04,0.04,0.08,0.04,0.08
Nelson Valenzuela,,MF,2 de Mayo,,,1,1,45,0.5,0,0,0,0,0,0,0,0,0.00,0.00,0.00,0.00,0.00
Alan Vargas,py PAR,DF,Club General Caballero JLM,24,2000,8,6,543,6.0,0,0,0,0,0,0,0,0,0.00,0.00,0.00,0.00,0.00
Gustavo Vargas,py PAR,DF,Guaraní,22,2001,14,14,1192,13.2,0,0,0,0,0,0,4,2,0.00,0.00,0.00,0.00,0.00
Iván Vargas,py PAR,FW,Tacuary,32,1991,2,1,69,0.8,0,0,0,0,0,0,0,0,0.00,0.00,0.00,0.00,0.00
Julio Vargas,py PAR,"MF,DF",2 de Mayo,17,2006,11,10,660,7.3,1,0,1,1,0,0,0,0,0.14,0.00,0.14,0.14,0.14
Sebastián Vargas,py PAR,DF,Nacional,22,2002,14,12,1007,11.2,0,1,1,0,0,0,2,1,0.00,0.09,0.09,0.00,0.09
Anibal Vega,py PAR,FW,Club General Caballero JLM,23,2000,13,1,277,3.1,1,1,2,1,0,0,4,0,0.32,0.32,0.65,0.32,0.65
Anibal Vega,py PAR,FW,Sportivo Ameliano,23,2000,6,1,202,2.2,0,1,1,0,0,0,2,0,0.00,0.45,0.45,0.00,0.45
Facundo Velazco,ar ARG,"MF,FW",Nacional,24,1999,11,7,589,6.5,0,0,0,0,0,0,2,0,0.00,0.00,0.00,0.00,0.00
Diego Vera,py PAR,DF,Sport Luqueño,34,1989,10,7,673,7.5,0,0,0,0,0,0,2,0,0.00,0.00,0.00,0.00,0.00
Elvio Vera,py PAR,MF,Libertad,23,2000,7,2,227,2.5,1,1,2,1,0,0,0,0,0.40,0.40,0.79,0.40,0.79
Elvio Vera,py PAR,"MF,FW",Sport Luqueño,23,2000,17,9,977,10.9,2,3,5,2,0,0,5,0,0.18,0.28,0.46,0.18,0.46
Fredy Vera,py PAR,"MF,FW",Sportivo Ameliano,25,1998,20,9,1010,11.2,0,2,2,0,0,0,2,0,0.00,0.18,0.18,0.00,0.18
Juan Vera,py PAR,DF,Sportivo Trinidense,24,1999,30,28,2528,28.1,1,0,1,1,0,0,6,0,0.04,0.00,0.04,0.04,0.04
Matías Vera,ar ARG,MF,Olimpia,28,1995,16,4,524,5.8,0,1,1,0,0,0,2,0,0.00,0.17,0.17,0.00,0.17
José Verdún,py PAR,FW,Tacuary,31,1992,14,4,477,5.3,1,0,1,1,0,0,2,0,0.19,0.00,0.19,0.19,0.19
Dylan Vergara,ar ARG,MF,Club General Caballero JLM,23,2000,12,0,229,2.5,1,0,1,1,0,0,0,0,0.39,0.00,0.39,0.39,0.39
Diego Viera,py PAR,DF,Libertad,32,1991,39,39,3464,38.5,2,1,3,2,0,0,0,1,0.05,0.03,0.08,0.05,0.08
Wilder Viera,py PAR,"MF,FW",Cerro Porteño,21,2002,22,6,800,8.9,0,1,1,0,0,0,6,0,0.00,0.11,0.11,0.00,0.11
Leonardo Villagra,py PAR,"FW,MF",Sportivo Ameliano,33,1990,19,10,896,10.0,3,1,4,2,1,1,3,0,0.30,0.10,0.40,0.20,0.30
Alexis Villalba,py PAR,DF,Sport Luqueño,25,1998,30,30,2639,29.3,2,0,2,2,0,0,4,1,0.07,0.00,0.07,0.07,0.07
Player,Nation,Pos,Squad,Age,Born,MP,Starts,Min,90s,Gls,Ast,G+A,G-PK,PK,PKatt,CrdY,CrdR,Gls,Ast,G+A,G-PK,G+A-PK
Héctor Villalba,py PAR,"MF,FW",Libertad,29,1994,7,4,378,4.2,1,0,1,1,0,0,1,0,0.24,0.00,0.24,0.24,0.24
Hermes Villalba,py PAR,DF,Sportivo Trinidense,32,1991,23,16,1610,17.9,2,0,2,2,0,0,4,0,0.11,0.00,0.11,0.11,0.11
Iván Villalba,py PAR,DF,Sport Luqueño,29,1995,12,10,998,11.1,1,0,1,1,0,0,5,1,0.09,0.00,0.09,0.09,0.09
Pedro Villalba,py PAR,"MF,FW",Libertad,15,2008,3,3,146,1.6,0,0,0,0,0,0,0,0,0.00,0.00,0.00,0.00,0.00
Rodrigo Villalba,py PAR,"FW,MF",Libertad,17,2006,19,18,1203,13.4,2,3,5,2,0,0,1,0,0.15,0.22,0.37,0.15,0.37
Facundo Zabala,ar ARG,DF,Olimpia,25,1999,28,28,2398,26.6,0,4,4,0,0,0,4,1,0.00,0.15,0.15,0.00,0.15
Édgar Zaracho,py PAR,MF,Sportivo Ameliano,34,1989,19,18,1376,15.3,2,0,2,2,0,0,1,0,0.13,0.00,0.13,0.13,0.13
Sebastián Zaracho,py PAR,DF,Guaraní,25,1999,4,3,243,2.7,0,0,0,0,0,0,3,0,0.00,0.00,0.00,0.00,0.00
Arnaldo Zárate,py PAR,FW,2 de Mayo,35,1988,12,2,266,3.0,1,0,1,1,0,0,2,0,0.34,0.00,0.34,0.34,0.34
Pedro Zarza,py PAR,"MF,FW",Olimpia,16,2007,6,2,195,2.2,0,0,0,0,0,0,1,0,0.00,0.00,0.00,0.00,0.00
Alexis Zorrilla,py PAR,MF,Club General Caballero JLM,28,1995,2,0,7,0.1,0,0,0,0,0,0,0,0,0.00,0.00,0.00,0.00,0.00
